"","dref","datetime_end","y","m","d","h","min","night","id","met_domain_name","src_id","minAT","maxAT","meanAT"
"1",41944,"2014-11-01 09:00",2014,11,1,9,0,TRUE,4036," NCM",513,9.9,16.1,13
"2",41944,"2014-11-01 09:00",2014,11,1,9,0,TRUE,4045," AWSDLY",516,11.1,17.5,14.3
"3",41944,"2014-11-01 09:00",2014,11,1,9,0,TRUE,4058," NCM",56958,10.6,16.3,13.45
"4",41944,"2014-11-01 09:00",2014,11,1,9,0,TRUE,4065," AWSDLY",529,12.4,16.5,14.45
"5",41944,"2014-11-01 09:00",2014,11,1,9,0,TRUE,4077," AWSDLY",534,12,16.6,14.3
"6",41944,"2014-11-01 21:00",2014,11,1,21,0,FALSE,4036," NCM",513,11,13,12
"7",41944,"2014-11-01 21:00",2014,11,1,21,0,FALSE,4045," AWSDLY",516,12.4,15,13.7
"8",41944,"2014-11-01 21:00",2014,11,1,21,0,FALSE,4058," NCM",56958,10.6,13.3,11.95
"9",41944,"2014-11-01 21:00",2014,11,1,21,0,FALSE,4065," AWSDLY",529,11.9,15.2,13.55
"10",41944,"2014-11-01 21:00",2014,11,1,21,0,FALSE,4077," AWSDLY",534,11.7,15.8,13.75
"11",41945,"2014-11-02 09:00",2014,11,2,9,0,TRUE,4036," NCM",513,9.7,12.8,11.25
"12",41945,"2014-11-02 09:00",2014,11,2,9,0,TRUE,4045," AWSDLY",516,10.8,14.2,12.5
"13",41945,"2014-11-02 09:00",2014,11,2,9,0,TRUE,4058," NCM",56958,10.2,12.9,11.55
"14",41945,"2014-11-02 09:00",2014,11,2,9,0,TRUE,4065," AWSDLY",529,11.5,14.1,12.8
"15",41945,"2014-11-02 09:00",2014,11,2,9,0,TRUE,4077," AWSDLY",534,12,13.6,12.8
"16",41945,"2014-11-02 21:00",2014,11,2,21,0,FALSE,4036," NCM",513,6.7,11.2,8.95
"17",41945,"2014-11-02 21:00",2014,11,2,21,0,FALSE,4045," AWSDLY",516,7.1,13.1,10.1
"18",41945,"2014-11-02 21:00",2014,11,2,21,0,FALSE,4058," NCM",56958,7.2,11.4,9.3
"19",41945,"2014-11-02 21:00",2014,11,2,21,0,FALSE,4065," AWSDLY",529,7,13,10
"20",41945,"2014-11-02 21:00",2014,11,2,21,0,FALSE,4077," AWSDLY",534,7.9,12.9,10.4
"21",41946,"2014-11-03 09:00",2014,11,3,9,0,TRUE,4036," NCM",513,5.7,7.5,6.6
"22",41946,"2014-11-03 09:00",2014,11,3,9,0,TRUE,4045," AWSDLY",516,6.7,8.7,7.7
"23",41946,"2014-11-03 09:00",2014,11,3,9,0,TRUE,4058," NCM",56958,5.8,8.1,6.95
"24",41946,"2014-11-03 09:00",2014,11,3,9,0,TRUE,4065," AWSDLY",529,6.8,8.9,7.85
"25",41946,"2014-11-03 09:00",2014,11,3,9,0,TRUE,4077," AWSDLY",534,7.5,8.8,8.15
"26",41946,"2014-11-03 21:00",2014,11,3,21,0,FALSE,4036," NCM",513,5.7,9.7,7.7
"27",41946,"2014-11-03 21:00",2014,11,3,21,0,FALSE,4045," AWSDLY",516,6,11.1,8.55
"28",41946,"2014-11-03 21:00",2014,11,3,21,0,FALSE,4058," NCM",56958,5.4,9.6,7.5
"29",41946,"2014-11-03 21:00",2014,11,3,21,0,FALSE,4065," AWSDLY",529,5.7,11.1,8.4
"30",41946,"2014-11-03 21:00",2014,11,3,21,0,FALSE,4077," AWSDLY",534,5.8,11.9,8.85
"31",41947,"2014-11-04 09:00",2014,11,4,9,0,TRUE,4036," NCM",513,1.5,6.3,3.9
"32",41947,"2014-11-04 09:00",2014,11,4,9,0,TRUE,4045," AWSDLY",516,1.9,7.8,4.85
"33",41947,"2014-11-04 09:00",2014,11,4,9,0,TRUE,4058," NCM",56958,2.7,6.6,4.65
"34",41947,"2014-11-04 09:00",2014,11,4,9,0,TRUE,4065," AWSDLY",529,1,6.1,3.55
"35",41947,"2014-11-04 09:00",2014,11,4,9,0,TRUE,4077," AWSDLY",534,0.7,6.6,3.65
"36",41947,"2014-11-04 21:00",2014,11,4,21,0,FALSE,4036," NCM",513,3.6,8.7,6.15
"37",41947,"2014-11-04 21:00",2014,11,4,21,0,FALSE,4045," AWSDLY",516,4,9.8,6.9
"38",41947,"2014-11-04 21:00",2014,11,4,21,0,FALSE,4058," NCM",56958,3.7,7.4,5.55
"39",41947,"2014-11-04 21:00",2014,11,4,21,0,FALSE,4065," AWSDLY",529,4.1,9.6,6.85
"40",41947,"2014-11-04 21:00",2014,11,4,21,0,FALSE,4077," AWSDLY",534,2.5,9.2,5.85
"41",41947,"2014-11-04 21:00",2014,11,4,21,0,FALSE,4077," AWSDLY",534,2.4,9.2,5.8
"42",41948,"2014-11-05 09:00",2014,11,5,9,0,TRUE,4036," NCM",513,4.7,6.4,5.55
"43",41948,"2014-11-05 09:00",2014,11,5,9,0,TRUE,4045," AWSDLY",516,5.9,7.3,6.6
"44",41948,"2014-11-05 09:00",2014,11,5,9,0,TRUE,4058," NCM",56958,3.9,6,4.95
"45",41948,"2014-11-05 09:00",2014,11,5,9,0,TRUE,4065," AWSDLY",529,4.1,7.2,5.65
"46",41948,"2014-11-05 09:00",2014,11,5,9,0,TRUE,4077," AWSDLY",534,2.1,7,4.55
"47",41948,"2014-11-05 21:00",2014,11,5,21,0,FALSE,4036," NCM",513,0.6,8.7,4.65
"48",41948,"2014-11-05 21:00",2014,11,5,21,0,FALSE,4045," AWSDLY",516,2,9.7,5.85
"49",41948,"2014-11-05 21:00",2014,11,5,21,0,FALSE,4058," NCM",56958,3.7,8.3,6
"50",41948,"2014-11-05 21:00",2014,11,5,21,0,FALSE,4065," AWSDLY",529,3.6,9.5,6.55
"51",41948,"2014-11-05 21:00",2014,11,5,21,0,FALSE,4077," AWSDLY",534,2.3,9.4,5.85
"52",41949,"2014-11-06 09:00",2014,11,6,9,0,TRUE,4036," NCM",513,-0.3,5,2.35
"53",41949,"2014-11-06 09:00",2014,11,6,9,0,TRUE,4045," AWSDLY",516,-0.3,5.2,2.45
"54",41949,"2014-11-06 09:00",2014,11,6,9,0,TRUE,4058," NCM",56958,1.9,4.9,3.4
"55",41949,"2014-11-06 09:00",2014,11,6,9,0,TRUE,4065," AWSDLY",529,0.3,4.3,2.3
"56",41949,"2014-11-06 09:00",2014,11,6,9,0,TRUE,4077," AWSDLY",534,-0.6,2.9,1.15
"57",41949,"2014-11-06 21:00",2014,11,6,21,0,FALSE,4036," NCM",513,5,9.3,7.15
"58",41949,"2014-11-06 21:00",2014,11,6,21,0,FALSE,4045," AWSDLY",516,5.2,10,7.6
"59",41949,"2014-11-06 21:00",2014,11,6,21,0,FALSE,4058," NCM",56958,4.8,8.5,6.65
"60",41949,"2014-11-06 21:00",2014,11,6,21,0,FALSE,4065," AWSDLY",529,4.4,9.9,7.15
"61",41949,"2014-11-06 21:00",2014,11,6,21,0,FALSE,4065," AWSDLY",529,4.3,9.9,7.1
"62",41949,"2014-11-06 21:00",2014,11,6,21,0,FALSE,4077," AWSDLY",534,3.1,9.4,6.25
"63",41949,"2014-11-06 21:00",2014,11,6,21,0,FALSE,4077," AWSDLY",534,2.9,9.4,6.15
"64",41950,"2014-11-07 09:00",2014,11,7,9,0,TRUE,4036," NCM",513,7.8,10.5,9.15
"65",41950,"2014-11-07 09:00",2014,11,7,9,0,TRUE,4045," AWSDLY",516,8.7,10.9,9.8
"66",41950,"2014-11-07 09:00",2014,11,7,9,0,TRUE,4058," NCM",56958,7.3,10.1,8.7
"67",41950,"2014-11-07 09:00",2014,11,7,9,0,TRUE,4065," AWSDLY",529,8.3,11.3,9.8
"68",41950,"2014-11-07 09:00",2014,11,7,9,0,TRUE,4077," AWSDLY",534,8.3,11.3,9.8
"69",41950,"2014-11-07 21:00",2014,11,7,21,0,FALSE,4036," NCM",513,6.1,10.6,8.35
"70",41950,"2014-11-07 21:00",2014,11,7,21,0,FALSE,4045," AWSDLY",516,7.2,11.5,9.35
"71",41950,"2014-11-07 21:00",2014,11,7,21,0,FALSE,4058," NCM",56958,6.5,11.5,9
"72",41950,"2014-11-07 21:00",2014,11,7,21,0,FALSE,4065," AWSDLY",529,7.2,13.3,10.25
"73",41950,"2014-11-07 21:00",2014,11,7,21,0,FALSE,4077," AWSDLY",534,7.7,13.9,10.8
"74",41951,"2014-11-08 09:00",2014,11,8,9,0,TRUE,4036," NCM",513,4.8,7.1,5.95
"75",41951,"2014-11-08 09:00",2014,11,8,9,0,TRUE,4045," AWSDLY",516,4.9,8.1,6.5
"76",41951,"2014-11-08 09:00",2014,11,8,9,0,TRUE,4058," NCM",56958,5.1,7.4,6.25
"77",41951,"2014-11-08 09:00",2014,11,8,9,0,TRUE,4065," AWSDLY",529,4.9,9.2,7.05
"78",41951,"2014-11-08 09:00",2014,11,8,9,0,TRUE,4077," AWSDLY",534,4.3,8.5,6.4
"79",41951,"2014-11-08 21:00",2014,11,8,21,0,FALSE,4036," NCM",513,6.3,10.1,8.2
"80",41951,"2014-11-08 21:00",2014,11,8,21,0,FALSE,4045," AWSDLY",516,5.8,11.1,8.45
"81",41951,"2014-11-08 21:00",2014,11,8,21,0,FALSE,4058," NCM",56958,6.1,9.8,7.95
"82",41951,"2014-11-08 21:00",2014,11,8,21,0,FALSE,4065," AWSDLY",529,6.5,10.8,8.65
"83",41951,"2014-11-08 21:00",2014,11,8,21,0,FALSE,4065," AWSDLY",529,6.4,10.8,8.6
"84",41951,"2014-11-08 21:00",2014,11,8,21,0,FALSE,4077," AWSDLY",534,5.9,10.6,8.25
"85",41951,"2014-11-08 21:00",2014,11,8,21,0,FALSE,4077," AWSDLY",534,5.8,10.6,8.2
"86",41952,"2014-11-09 09:00",2014,11,9,9,0,TRUE,4036," NCM",513,3.2,7.7,5.45
"87",41952,"2014-11-09 09:00",2014,11,9,9,0,TRUE,4045," AWSDLY",516,3.6,9.3,6.45
"88",41952,"2014-11-09 09:00",2014,11,9,9,0,TRUE,4058," NCM",56958,4.9,8,6.45
"89",41952,"2014-11-09 09:00",2014,11,9,9,0,TRUE,4065," AWSDLY",529,3.7,9.4,6.55
"90",41952,"2014-11-09 09:00",2014,11,9,9,0,TRUE,4077," AWSDLY",534,2,9.8,5.9
"91",41952,"2014-11-09 21:00",2014,11,9,21,0,FALSE,4036," NCM",513,4,10.9,7.45
"92",41952,"2014-11-09 21:00",2014,11,9,21,0,FALSE,4045," AWSDLY",516,3.7,11.2,7.45
"93",41952,"2014-11-09 21:00",2014,11,9,21,0,FALSE,4058," NCM",56958,4.9,10.6,7.75
"94",41952,"2014-11-09 21:00",2014,11,9,21,0,FALSE,4065," AWSDLY",529,4.8,11.6,8.2
"95",41952,"2014-11-09 21:00",2014,11,9,21,0,FALSE,4077," AWSDLY",534,3.7,9.9,6.8
"96",41953,"2014-11-10 09:00",2014,11,10,9,0,TRUE,4036," NCM",513,0.9,5.1,3
"97",41953,"2014-11-10 09:00",2014,11,10,9,0,TRUE,4045," AWSDLY",516,2.6,5.1,3.85
"98",41953,"2014-11-10 09:00",2014,11,10,9,0,TRUE,4058," NCM",56958,4.1,6.8,5.45
"99",41953,"2014-11-10 09:00",2014,11,10,9,0,TRUE,4065," AWSDLY",529,2.6,6.9,4.75
"100",41953,"2014-11-10 09:00",2014,11,10,9,0,TRUE,4077," AWSDLY",534,3.5,6,4.75
"101",41953,"2014-11-10 09:00",2014,11,10,9,0,TRUE,4077," AWSDLY",534,3.5,6.1,4.8
"102",41953,"2014-11-10 21:00",2014,11,10,21,0,FALSE,4036," NCM",513,4.8,8.9,6.85
"103",41953,"2014-11-10 21:00",2014,11,10,21,0,FALSE,4045," AWSDLY",516,4.9,10.2,7.55
"104",41953,"2014-11-10 21:00",2014,11,10,21,0,FALSE,4058," NCM",56958,6.2,9.4,7.8
"105",41953,"2014-11-10 21:00",2014,11,10,21,0,FALSE,4065," AWSDLY",529,6.7,10.4,8.55
"106",41953,"2014-11-10 21:00",2014,11,10,21,0,FALSE,4077," AWSDLY",534,4.8,10.5,7.65
"107",41954,"2014-11-11 09:00",2014,11,11,9,0,TRUE,4036," NCM",513,7.4,8.8,8.1
"108",41954,"2014-11-11 09:00",2014,11,11,9,0,TRUE,4045," AWSDLY",516,8.6,9.6,9.1
"109",41954,"2014-11-11 09:00",2014,11,11,9,0,TRUE,4058," NCM",56958,8.1,8.9,8.5
"110",41954,"2014-11-11 09:00",2014,11,11,9,0,TRUE,4065," AWSDLY",529,8.3,10,9.15
"111",41954,"2014-11-11 09:00",2014,11,11,9,0,TRUE,4077," AWSDLY",534,8.2,9.9,9.05
"112",41954,"2014-11-11 21:00",2014,11,11,21,0,FALSE,4036," NCM",513,8.1,9.8,8.95
"113",41954,"2014-11-11 21:00",2014,11,11,21,0,FALSE,4045," AWSDLY",516,9.1,11.2,10.15
"114",41954,"2014-11-11 21:00",2014,11,11,21,0,FALSE,4058," NCM",56958,8.1,9.8,8.95
"115",41954,"2014-11-11 21:00",2014,11,11,21,0,FALSE,4065," AWSDLY",529,9.3,11.6,10.45
"116",41954,"2014-11-11 21:00",2014,11,11,21,0,FALSE,4077," AWSDLY",534,9.3,11.7,10.5
"117",41955,"2014-11-12 09:00",2014,11,12,9,0,TRUE,4036," NCM",513,8.5,9,8.75
"118",41955,"2014-11-12 09:00",2014,11,12,9,0,TRUE,4045," AWSDLY",516,9.3,10.1,9.7
"119",41955,"2014-11-12 09:00",2014,11,12,9,0,TRUE,4058," NCM",56958,8.5,9,8.75
"120",41955,"2014-11-12 09:00",2014,11,12,9,0,TRUE,4065," AWSDLY",529,9.7,10.3,10
"121",41955,"2014-11-12 09:00",2014,11,12,9,0,TRUE,4077," AWSDLY",534,9.7,10.6,10.15
"122",41955,"2014-11-12 21:00",2014,11,12,21,0,FALSE,4036," NCM",513,7.1,9.9,8.5
"123",41955,"2014-11-12 21:00",2014,11,12,21,0,FALSE,4045," AWSDLY",516,6.8,10.7,8.75
"124",41955,"2014-11-12 21:00",2014,11,12,21,0,FALSE,4058," NCM",56958,6.4,10.2,8.3
"125",41955,"2014-11-12 21:00",2014,11,12,21,0,FALSE,4065," AWSDLY",529,6.3,11.1,8.7
"126",41955,"2014-11-12 21:00",2014,11,12,21,0,FALSE,4077," AWSDLY",534,7.1,11.8,9.45
"127",41956,"2014-11-13 09:00",2014,11,13,9,0,TRUE,4036," NCM",513,4.9,8.4,6.65
"128",41956,"2014-11-13 09:00",2014,11,13,9,0,TRUE,4045," AWSDLY",516,5.5,9.5,7.5
"129",41956,"2014-11-13 09:00",2014,11,13,9,0,TRUE,4058," NCM",56958,6.4,8.6,7.5
"130",41956,"2014-11-13 09:00",2014,11,13,9,0,TRUE,4065," AWSDLY",529,6,9.6,7.8
"131",41956,"2014-11-13 09:00",2014,11,13,9,0,TRUE,4077," AWSDLY",534,5.8,8.8,7.3
"132",41956,"2014-11-13 21:00",2014,11,13,21,0,FALSE,4036," NCM",513,8.4,11.2,9.8
"133",41956,"2014-11-13 21:00",2014,11,13,21,0,FALSE,4045," AWSDLY",516,9.5,11.6,10.55
"134",41956,"2014-11-13 21:00",2014,11,13,21,0,FALSE,4058," NCM",56958,8.6,10.8,9.7
"135",41956,"2014-11-13 21:00",2014,11,13,21,0,FALSE,4065," AWSDLY",529,9.6,11.6,10.6
"136",41956,"2014-11-13 21:00",2014,11,13,21,0,FALSE,4077," AWSDLY",534,8.4,11.4,9.9
"137",41957,"2014-11-14 09:00",2014,11,14,9,0,TRUE,4036," NCM",513,8.9,10.3,9.6
"138",41957,"2014-11-14 09:00",2014,11,14,9,0,TRUE,4045," AWSDLY",516,9.8,11.2,10.5
"139",41957,"2014-11-14 09:00",2014,11,14,9,0,TRUE,4058," NCM",56958,8.7,10.1,9.4
"140",41957,"2014-11-14 09:00",2014,11,14,9,0,TRUE,4065," AWSDLY",529,10,11.3,10.65
"141",41957,"2014-11-14 09:00",2014,11,14,9,0,TRUE,4077," AWSDLY",534,10.2,11.2,10.7
"142",41957,"2014-11-14 21:00",2014,11,14,21,0,FALSE,4036," NCM",513,4.1,11.2,7.65
"143",41957,"2014-11-14 21:00",2014,11,14,21,0,FALSE,4045," AWSDLY",516,5,11.5,8.25
"144",41957,"2014-11-14 21:00",2014,11,14,21,0,FALSE,4058," NCM",56958,6.1,11.1,8.6
"145",41957,"2014-11-14 21:00",2014,11,14,21,0,FALSE,4065," AWSDLY",529,5.8,12.3,9.05
"146",41957,"2014-11-14 21:00",2014,11,14,21,0,FALSE,4077," AWSDLY",534,6.7,11.8,9.25
"147",41958,"2014-11-15 09:00",2014,11,15,9,0,TRUE,4036," NCM",513,2.3,4.9,3.6
"148",41958,"2014-11-15 09:00",2014,11,15,9,0,TRUE,4045," AWSDLY",516,2,5.5,3.75
"149",41958,"2014-11-15 09:00",2014,11,15,9,0,TRUE,4058," NCM",56958,1.7,7.1,4.4
"150",41958,"2014-11-15 09:00",2014,11,15,9,0,TRUE,4065," AWSDLY",529,1.7,6.5,4.1
"151",41958,"2014-11-15 09:00",2014,11,15,9,0,TRUE,4077," AWSDLY",534,4.3,6.7,5.5
"152",41958,"2014-11-15 21:00",2014,11,15,21,0,FALSE,4036," NCM",513,4.2,6.9,5.55
"153",41958,"2014-11-15 21:00",2014,11,15,21,0,FALSE,4045," AWSDLY",516,5,7.6,6.3
"154",41958,"2014-11-15 21:00",2014,11,15,21,0,FALSE,4058," NCM",56958,3.1,6.7,4.9
"155",41958,"2014-11-15 21:00",2014,11,15,21,0,FALSE,4065," AWSDLY",529,3.7,8,5.85
"156",41958,"2014-11-15 21:00",2014,11,15,21,0,FALSE,4077," AWSDLY",534,5.2,8,6.6
"157",41959,"2014-11-16 09:00",2014,11,16,9,0,TRUE,4036," NCM",513,6.1,7.1,6.6
"158",41959,"2014-11-16 09:00",2014,11,16,9,0,TRUE,4045," AWSDLY",516,6.7,7.8,7.25
"159",41959,"2014-11-16 09:00",2014,11,16,9,0,TRUE,4058," NCM",56958,6.6,7.1,6.85
"160",41959,"2014-11-16 09:00",2014,11,16,9,0,TRUE,4065," AWSDLY",529,7.7,8,7.85
"161",41959,"2014-11-16 09:00",2014,11,16,9,0,TRUE,4077," AWSDLY",534,7,7.8,7.4
"162",41959,"2014-11-16 21:00",2014,11,16,21,0,FALSE,4036," NCM",513,5.2,7.7,6.45
"163",41959,"2014-11-16 21:00",2014,11,16,21,0,FALSE,4045," AWSDLY",516,6.3,8.9,7.6
"164",41959,"2014-11-16 21:00",2014,11,16,21,0,FALSE,4058," NCM",56958,5.7,7.4,6.55
"165",41959,"2014-11-16 21:00",2014,11,16,21,0,FALSE,4065," AWSDLY",529,6.9,8.9,7.9
"166",41959,"2014-11-16 21:00",2014,11,16,21,0,FALSE,4077," AWSDLY",534,7.1,9,8.05
"167",41960,"2014-11-17 09:00",2014,11,17,9,0,TRUE,4036," NCM",513,6.1,8.2,7.15
"168",41960,"2014-11-17 09:00",2014,11,17,9,0,TRUE,4045," AWSDLY",516,6.9,9.2,8.05
"169",41960,"2014-11-17 09:00",2014,11,17,9,0,TRUE,4058," NCM",56958,5.8,8.1,6.95
"170",41960,"2014-11-17 09:00",2014,11,17,9,0,TRUE,4065," AWSDLY",529,7.2,9.4,8.3
"171",41960,"2014-11-17 09:00",2014,11,17,9,0,TRUE,4077," AWSDLY",534,7.4,9.8,8.6
"172",41960,"2014-11-17 21:00",2014,11,17,21,0,FALSE,4036," NCM",513,7.5,8.9,8.2
"173",41960,"2014-11-17 21:00",2014,11,17,21,0,FALSE,4045," AWSDLY",516,8.7,10,9.35
"174",41960,"2014-11-17 21:00",2014,11,17,21,0,FALSE,4058," NCM",56958,6.7,8.6,7.65
"175",41960,"2014-11-17 21:00",2014,11,17,21,0,FALSE,4065," AWSDLY",529,8.3,10,9.15
"176",41960,"2014-11-17 21:00",2014,11,17,21,0,FALSE,4077," AWSDLY",534,8.6,10.5,9.55
"177",41961,"2014-11-18 09:00",2014,11,18,9,0,TRUE,4036," NCM",513,6.7,8.1,7.4
"178",41961,"2014-11-18 09:00",2014,11,18,9,0,TRUE,4045," AWSDLY",516,7.4,9,8.2
"179",41961,"2014-11-18 09:00",2014,11,18,9,0,TRUE,4058," NCM",56958,6.4,8,7.2
"180",41961,"2014-11-18 09:00",2014,11,18,9,0,TRUE,4065," AWSDLY",529,6.3,9.1,7.7
"181",41961,"2014-11-18 09:00",2014,11,18,9,0,TRUE,4077," AWSDLY",534,7.3,9.4,8.35
"182",41961,"2014-11-18 21:00",2014,11,18,21,0,FALSE,4036," NCM",513,7.5,10.2,8.85
"183",41961,"2014-11-18 21:00",2014,11,18,21,0,FALSE,4045," AWSDLY",516,8.4,11.3,9.85
"184",41961,"2014-11-18 21:00",2014,11,18,21,0,FALSE,4058," NCM",56958,7.1,9.8,8.45
"185",41961,"2014-11-18 21:00",2014,11,18,21,0,FALSE,4065," AWSDLY",529,7.2,11.6,9.4
"186",41961,"2014-11-18 21:00",2014,11,18,21,0,FALSE,4077," AWSDLY",534,7.8,11.9,9.85
"187",41962,"2014-11-19 09:00",2014,11,19,9,0,TRUE,4036," NCM",513,7.5,8.3,7.9
"188",41962,"2014-11-19 09:00",2014,11,19,9,0,TRUE,4045," AWSDLY",516,8.5,9.2,8.85
"189",41962,"2014-11-19 09:00",2014,11,19,9,0,TRUE,4058," NCM",56958,7.3,7.9,7.6
"190",41962,"2014-11-19 09:00",2014,11,19,9,0,TRUE,4065," AWSDLY",529,7.9,8.9,8.4
"191",41962,"2014-11-19 09:00",2014,11,19,9,0,TRUE,4065," AWSDLY",529,7.9,9,8.45
"192",41962,"2014-11-19 09:00",2014,11,19,9,0,TRUE,4077," AWSDLY",534,6.7,8.7,7.7
"193",41962,"2014-11-19 21:00",2014,11,19,21,0,FALSE,4036," NCM",513,8.1,9.2,8.65
"194",41962,"2014-11-19 21:00",2014,11,19,21,0,FALSE,4045," AWSDLY",516,9,10.5,9.75
"195",41962,"2014-11-19 21:00",2014,11,19,21,0,FALSE,4058," NCM",56958,7.6,8.8,8.2
"196",41962,"2014-11-19 21:00",2014,11,19,21,0,FALSE,4065," AWSDLY",529,8.4,10.6,9.5
"197",41962,"2014-11-19 21:00",2014,11,19,21,0,FALSE,4077," AWSDLY",534,8.2,10.8,9.5
"198",41963,"2014-11-20 09:00",2014,11,20,9,0,TRUE,4036," NCM",513,5.9,8.1,7
"199",41963,"2014-11-20 09:00",2014,11,20,9,0,TRUE,4045," AWSDLY",516,6.7,9.1,7.9
"200",41963,"2014-11-20 09:00",2014,11,20,9,0,TRUE,4058," NCM",56958,5.8,7.8,6.8
"201",41963,"2014-11-20 09:00",2014,11,20,9,0,TRUE,4065," AWSDLY",529,5.8,8.6,7.2
"202",41963,"2014-11-20 09:00",2014,11,20,9,0,TRUE,4077," AWSDLY",534,5.3,8.8,7.05
"203",41963,"2014-11-20 21:00",2014,11,20,21,0,FALSE,4036," NCM",513,6.3,9,7.65
"204",41963,"2014-11-20 21:00",2014,11,20,21,0,FALSE,4045," AWSDLY",516,7.2,9.9,8.55
"205",41963,"2014-11-20 21:00",2014,11,20,21,0,FALSE,4058," NCM",56958,5.7,7.4,6.55
"206",41963,"2014-11-20 21:00",2014,11,20,21,0,FALSE,4065," AWSDLY",529,6.7,9.3,8
"207",41963,"2014-11-20 21:00",2014,11,20,21,0,FALSE,4065," AWSDLY",529,6.6,9.3,7.95
"208",41963,"2014-11-20 21:00",2014,11,20,21,0,FALSE,4077," AWSDLY",534,6.1,8.5,7.3
"209",41964,"2014-11-21 09:00",2014,11,21,9,0,TRUE,4036," NCM",513,5.5,7.4,6.45
"210",41964,"2014-11-21 09:00",2014,11,21,9,0,TRUE,4045," AWSDLY",516,6.5,8.4,7.45
"211",41964,"2014-11-21 09:00",2014,11,21,9,0,TRUE,4058," NCM",56958,5.2,6.9,6.05
"212",41964,"2014-11-21 09:00",2014,11,21,9,0,TRUE,4065," AWSDLY",529,5.9,7.8,6.85
"213",41964,"2014-11-21 09:00",2014,11,21,9,0,TRUE,4077," AWSDLY",534,5.2,8,6.6
"214",41964,"2014-11-21 21:00",2014,11,21,21,0,FALSE,4036," NCM",513,5.8,6.5,6.15
"215",41964,"2014-11-21 21:00",2014,11,21,21,0,FALSE,4045," AWSDLY",516,6.8,7.7,7.25
"216",41964,"2014-11-21 21:00",2014,11,21,21,0,FALSE,4058," NCM",56958,5.2,6.4,5.8
"217",41964,"2014-11-21 21:00",2014,11,21,21,0,FALSE,4065," AWSDLY",529,6.6,8.1,7.35
"218",41964,"2014-11-21 21:00",2014,11,21,21,0,FALSE,4065," AWSDLY",529,6.5,8.1,7.3
"219",41964,"2014-11-21 21:00",2014,11,21,21,0,FALSE,4077," AWSDLY",534,6,8.4,7.2
"220",41965,"2014-11-22 09:00",2014,11,22,9,0,TRUE,4036," NCM",513,6.1,8.8,7.45
"221",41965,"2014-11-22 09:00",2014,11,22,9,0,TRUE,4045," AWSDLY",516,7.1,9,8.05
"222",41965,"2014-11-22 09:00",2014,11,22,9,0,TRUE,4058," NCM",56958,5.9,10.3,8.1
"223",41965,"2014-11-22 09:00",2014,11,22,9,0,TRUE,4065," AWSDLY",529,7.3,9.4,8.35
"224",41965,"2014-11-22 09:00",2014,11,22,9,0,TRUE,4077," AWSDLY",534,7.4,8.7,8.05
"225",41965,"2014-11-22 21:00",2014,11,22,21,0,FALSE,4036," NCM",513,8.3,12.2,10.25
"226",41965,"2014-11-22 21:00",2014,11,22,21,0,FALSE,4045," AWSDLY",516,8,13.6,10.8
"227",41965,"2014-11-22 21:00",2014,11,22,21,0,FALSE,4058," NCM",56958,8.6,12.7,10.65
"228",41965,"2014-11-22 21:00",2014,11,22,21,0,FALSE,4065," AWSDLY",529,7.1,13.6,10.35
"229",41965,"2014-11-22 21:00",2014,11,22,21,0,FALSE,4077," AWSDLY",534,6.5,13,9.75
"230",41966,"2014-11-23 09:00",2014,11,23,9,0,TRUE,4036," NCM",513,6.1,9.3,7.7
"231",41966,"2014-11-23 09:00",2014,11,23,9,0,TRUE,4045," AWSDLY",516,6.6,9.9,8.25
"232",41966,"2014-11-23 09:00",2014,11,23,9,0,TRUE,4058," NCM",56958,6,9.1,7.55
"233",41966,"2014-11-23 09:00",2014,11,23,9,0,TRUE,4065," AWSDLY",529,7.1,9.5,8.3
"234",41966,"2014-11-23 09:00",2014,11,23,9,0,TRUE,4077," AWSDLY",534,6.6,8.7,7.65
"235",41966,"2014-11-23 21:00",2014,11,23,21,0,FALSE,4036," NCM",513,3,6.9,4.95
"236",41966,"2014-11-23 21:00",2014,11,23,21,0,FALSE,4045," AWSDLY",516,2.6,7.7,5.15
"237",41966,"2014-11-23 21:00",2014,11,23,21,0,FALSE,4058," NCM",56958,3.3,6.9,5.1
"238",41966,"2014-11-23 21:00",2014,11,23,21,0,FALSE,4065," AWSDLY",529,4.3,8.4,6.35
"239",41966,"2014-11-23 21:00",2014,11,23,21,0,FALSE,4077," AWSDLY",534,4,8.7,6.35
"240",41967,"2014-11-24 09:00",2014,11,24,9,0,TRUE,4036," NCM",513,3.1,5.4,4.25
"241",41967,"2014-11-24 09:00",2014,11,24,9,0,TRUE,4045," AWSDLY",516,2.4,6.4,4.4
"242",41967,"2014-11-24 09:00",2014,11,24,9,0,TRUE,4058," NCM",56958,2.9,4.7,3.8
"243",41967,"2014-11-24 09:00",2014,11,24,9,0,TRUE,4065," AWSDLY",529,2.2,5.2,3.7
"244",41967,"2014-11-24 09:00",2014,11,24,9,0,TRUE,4077," AWSDLY",534,1.2,5.1,3.15
"245",41967,"2014-11-24 21:00",2014,11,24,21,0,FALSE,4036," NCM",513,4.4,7.2,5.8
"246",41967,"2014-11-24 21:00",2014,11,24,21,0,FALSE,4045," AWSDLY",516,3.7,8.6,6.15
"247",41967,"2014-11-24 21:00",2014,11,24,21,0,FALSE,4058," NCM",56958,3.3,6.6,4.95
"248",41967,"2014-11-24 21:00",2014,11,24,21,0,FALSE,4065," AWSDLY",529,3.8,8.5,6.15
"249",41967,"2014-11-24 21:00",2014,11,24,21,0,FALSE,4077," AWSDLY",534,3.9,8.9,6.4
"250",41968,"2014-11-25 09:00",2014,11,25,9,0,TRUE,4036," NCM",513,1.6,5.6,3.6
"251",41968,"2014-11-25 09:00",2014,11,25,9,0,TRUE,4045," AWSDLY",516,1.1,5,3.05
"252",41968,"2014-11-25 09:00",2014,11,25,9,0,TRUE,4058," NCM",56958,3.3,4.9,4.1
"253",41968,"2014-11-25 09:00",2014,11,25,9,0,TRUE,4065," AWSDLY",529,2.1,4.2,3.15
"254",41968,"2014-11-25 09:00",2014,11,25,9,0,TRUE,4077," AWSDLY",534,0.2,5,2.6
"255",41968,"2014-11-25 21:00",2014,11,25,21,0,FALSE,4036," NCM",513,2.8,7.4,5.1
"256",41968,"2014-11-25 21:00",2014,11,25,21,0,FALSE,4045," AWSDLY",516,1.9,8.1,5
"257",41968,"2014-11-25 21:00",2014,11,25,21,0,FALSE,4058," NCM",56958,3.1,6.3,4.7
"258",41968,"2014-11-25 21:00",2014,11,25,21,0,FALSE,4065," AWSDLY",529,2.6,7,4.8
"259",41968,"2014-11-25 21:00",2014,11,25,21,0,FALSE,4065," AWSDLY",529,2.5,7,4.75
"260",41968,"2014-11-25 21:00",2014,11,25,21,0,FALSE,4077," AWSDLY",534,0.8,3.8,2.3
"261",41968,"2014-11-25 21:00",2014,11,25,21,0,FALSE,4077," AWSDLY",534,0.7,3.8,2.25
"262",41969,"2014-11-26 09:00",2014,11,26,9,0,TRUE,4036," NCM",513,3,5.7,4.35
"263",41969,"2014-11-26 09:00",2014,11,26,9,0,TRUE,4045," AWSDLY",516,3.9,6.5,5.2
"264",41969,"2014-11-26 09:00",2014,11,26,9,0,TRUE,4058," NCM",56958,3.1,5.5,4.3
"265",41969,"2014-11-26 09:00",2014,11,26,9,0,TRUE,4065," AWSDLY",529,4.1,6.4,5.25
"266",41969,"2014-11-26 09:00",2014,11,26,9,0,TRUE,4077," AWSDLY",534,3.4,5.3,4.35
"267",41969,"2014-11-26 21:00",2014,11,26,21,0,FALSE,4036," NCM",513,5.4,6.4,5.9
"268",41969,"2014-11-26 21:00",2014,11,26,21,0,FALSE,4045," AWSDLY",516,6.3,7.5,6.9
"269",41969,"2014-11-26 21:00",2014,11,26,21,0,FALSE,4058," NCM",56958,5.3,6.3,5.8
"270",41969,"2014-11-26 21:00",2014,11,26,21,0,FALSE,4065," AWSDLY",529,6.4,7.7,7.05
"271",41969,"2014-11-26 21:00",2014,11,26,21,0,FALSE,4077," AWSDLY",534,5.3,7.8,6.55
"272",41970,"2014-11-27 09:00",2014,11,27,9,0,TRUE,4036," NCM",513,5.3,5.7,5.5
"273",41970,"2014-11-27 09:00",2014,11,27,9,0,TRUE,4045," AWSDLY",516,6.1,6.5,6.3
"274",41970,"2014-11-27 09:00",2014,11,27,9,0,TRUE,4058," NCM",56958,5.3,5.6,5.45
"275",41970,"2014-11-27 09:00",2014,11,27,9,0,TRUE,4065," AWSDLY",529,6.1,6.6,6.35
"276",41970,"2014-11-27 09:00",2014,11,27,9,0,TRUE,4077," AWSDLY",534,6,6.3,6.15
"277",41970,"2014-11-27 21:00",2014,11,27,21,0,FALSE,4036," NCM",513,5.5,6.7,6.1
"278",41970,"2014-11-27 21:00",2014,11,27,21,0,FALSE,4045," AWSDLY",516,6.5,7.6,7.05
"279",41970,"2014-11-27 21:00",2014,11,27,21,0,FALSE,4058," NCM",56958,4.9,6.6,5.75
"280",41970,"2014-11-27 21:00",2014,11,27,21,0,FALSE,4065," AWSDLY",529,4.3,7.6,5.95
"281",41970,"2014-11-27 21:00",2014,11,27,21,0,FALSE,4077," AWSDLY",534,6.3,7.8,7.05
"282",41971,"2014-11-28 09:00",2014,11,28,9,0,TRUE,4036," NCM",513,3.9,8.2,6.05
"283",41971,"2014-11-28 09:00",2014,11,28,9,0,TRUE,4045," AWSDLY",516,4.9,9,6.95
"284",41971,"2014-11-28 09:00",2014,11,28,9,0,TRUE,4058," NCM",56958,4.8,8,6.4
"285",41971,"2014-11-28 09:00",2014,11,28,9,0,TRUE,4065," AWSDLY",529,4.3,9.2,6.75
"286",41971,"2014-11-28 09:00",2014,11,28,9,0,TRUE,4077," AWSDLY",534,6,9.4,7.7
"287",41971,"2014-11-28 21:00",2014,11,28,21,0,FALSE,4036," NCM",513,8,8.9,8.45
"288",41971,"2014-11-28 21:00",2014,11,28,21,0,FALSE,4045," AWSDLY",516,8.9,10,9.45
"289",41971,"2014-11-28 21:00",2014,11,28,21,0,FALSE,4058," NCM",56958,7.9,8.9,8.4
"290",41971,"2014-11-28 21:00",2014,11,28,21,0,FALSE,4065," AWSDLY",529,9,10,9.5
"291",41971,"2014-11-28 21:00",2014,11,28,21,0,FALSE,4077," AWSDLY",534,9,10.3,9.65
"292",41972,"2014-11-29 09:00",2014,11,29,9,0,TRUE,4036," NCM",513,7.9,8.3,8.1
"293",41972,"2014-11-29 09:00",2014,11,29,9,0,TRUE,4045," AWSDLY",516,8.6,9.1,8.85
"294",41972,"2014-11-29 09:00",2014,11,29,9,0,TRUE,4058," NCM",56958,7.8,8.2,8
"295",41972,"2014-11-29 09:00",2014,11,29,9,0,TRUE,4065," AWSDLY",529,8.8,9.3,9.05
"296",41972,"2014-11-29 09:00",2014,11,29,9,0,TRUE,4077," AWSDLY",534,8.8,9.4,9.1
"297",41972,"2014-11-29 21:00",2014,11,29,21,0,FALSE,4036," NCM",513,7.8,8.2,8
"298",41972,"2014-11-29 21:00",2014,11,29,21,0,FALSE,4045," AWSDLY",516,8.8,9.2,9
"299",41972,"2014-11-29 21:00",2014,11,29,21,0,FALSE,4058," NCM",56958,7.5,8.2,7.85
"300",41972,"2014-11-29 21:00",2014,11,29,21,0,FALSE,4065," AWSDLY",529,8.9,9.5,9.2
"301",41972,"2014-11-29 21:00",2014,11,29,21,0,FALSE,4077," AWSDLY",534,9,10.2,9.6
"302",41973,"2014-11-30 09:00",2014,11,30,9,0,TRUE,4036," NCM",513,6.5,9,7.75
"303",41973,"2014-11-30 09:00",2014,11,30,9,0,TRUE,4045," AWSDLY",516,7.6,10.1,8.85
"304",41973,"2014-11-30 09:00",2014,11,30,9,0,TRUE,4058," NCM",56958,6.4,8.7,7.55
"305",41973,"2014-11-30 09:00",2014,11,30,9,0,TRUE,4065," AWSDLY",529,7.6,10.1,8.85
"306",41973,"2014-11-30 09:00",2014,11,30,9,0,TRUE,4077," AWSDLY",534,7.5,9.9,8.7
"307",41973,"2014-11-30 21:00",2014,11,30,21,0,FALSE,4036," NCM",513,7.1,9.6,8.35
"308",41973,"2014-11-30 21:00",2014,11,30,21,0,FALSE,4045," AWSDLY",516,7.9,10.8,9.35
"309",41973,"2014-11-30 21:00",2014,11,30,21,0,FALSE,4058," NCM",56958,6.6,9.7,8.15
"310",41973,"2014-11-30 21:00",2014,11,30,21,0,FALSE,4065," AWSDLY",529,7.9,11.8,9.85
"311",41973,"2014-11-30 21:00",2014,11,30,21,0,FALSE,4077," AWSDLY",534,8.5,11.1,9.8
"312",41974,"2014-12-01 09:00",2014,12,1,9,0,TRUE,4036," NCM",513,6.5,8,7.25
"313",41974,"2014-12-01 09:00",2014,12,1,9,0,TRUE,4045," AWSDLY",516,7.4,9.2,8.3
"314",41974,"2014-12-01 09:00",2014,12,1,9,0,TRUE,4058," NCM",56958,5.9,8.1,7
"315",41974,"2014-12-01 09:00",2014,12,1,9,0,TRUE,4065," AWSDLY",529,6.8,9.3,8.05
"316",41974,"2014-12-01 09:00",2014,12,1,9,0,TRUE,4077," AWSDLY",534,7.1,9.1,8.1
"317",41974,"2014-12-01 21:00",2014,12,1,21,0,FALSE,4036," NCM",513,6,6.7,6.35
"318",41974,"2014-12-01 21:00",2014,12,1,21,0,FALSE,4045," AWSDLY",516,6.7,7.5,7.1
"319",41974,"2014-12-01 21:00",2014,12,1,21,0,FALSE,4058," NCM",56958,5.2,5.9,5.55
"320",41974,"2014-12-01 21:00",2014,12,1,21,0,FALSE,4065," AWSDLY",529,6.2,7.1,6.65
"321",41974,"2014-12-01 21:00",2014,12,1,21,0,FALSE,4077," AWSDLY",534,6.6,7.4,7
"322",41975,"2014-12-02 09:00",2014,12,2,9,0,TRUE,4036," NCM",513,3.7,6.9,5.3
"323",41975,"2014-12-02 09:00",2014,12,2,9,0,TRUE,4045," AWSDLY",516,5,7.7,6.35
"324",41975,"2014-12-02 09:00",2014,12,2,9,0,TRUE,4058," NCM",56958,3.9,6.5,5.2
"325",41975,"2014-12-02 09:00",2014,12,2,9,0,TRUE,4065," AWSDLY",529,5.3,7.4,6.35
"326",41975,"2014-12-02 09:00",2014,12,2,9,0,TRUE,4077," AWSDLY",534,5.3,7.7,6.5
"327",41975,"2014-12-02 21:00",2014,12,2,21,0,FALSE,4036," NCM",513,0.5,4.7,2.6
"328",41975,"2014-12-02 21:00",2014,12,2,21,0,FALSE,4045," AWSDLY",516,1.5,6.2,3.85
"329",41975,"2014-12-02 21:00",2014,12,2,21,0,FALSE,4058," NCM",56958,1.3,4.9,3.1
"330",41975,"2014-12-02 21:00",2014,12,2,21,0,FALSE,4065," AWSDLY",529,2.6,6.9,4.75
"331",41975,"2014-12-02 21:00",2014,12,2,21,0,FALSE,4077," AWSDLY",534,2.4,6.4,4.4
"332",41976,"2014-12-03 09:00",2014,12,3,9,0,TRUE,4036," NCM",513,-1.4,1.4,0
"333",41976,"2014-12-03 09:00",2014,12,3,9,0,TRUE,4036," NCM",513,-1.4,1.5,0.05
"334",41976,"2014-12-03 09:00",2014,12,3,9,0,TRUE,4045," AWSDLY",516,-1.9,2.5,0.3
"335",41976,"2014-12-03 09:00",2014,12,3,9,0,TRUE,4058," NCM",56958,0.4,2.2,1.3
"336",41976,"2014-12-03 09:00",2014,12,3,9,0,TRUE,4065," AWSDLY",529,0.5,3,1.75
"337",41976,"2014-12-03 09:00",2014,12,3,9,0,TRUE,4077," AWSDLY",534,0,2.7,1.35
"338",41976,"2014-12-03 21:00",2014,12,3,21,0,FALSE,4036," NCM",513,-0.8,5.9,2.55
"339",41976,"2014-12-03 21:00",2014,12,3,21,0,FALSE,4045," AWSDLY",516,-1.3,7.7,3.2
"340",41976,"2014-12-03 21:00",2014,12,3,21,0,FALSE,4058," NCM",56958,1.3,5.5,3.4
"341",41976,"2014-12-03 21:00",2014,12,3,21,0,FALSE,4065," AWSDLY",529,1.1,7.1,4.1
"342",41976,"2014-12-03 21:00",2014,12,3,21,0,FALSE,4077," AWSDLY",534,1.1,6.3,3.7
"343",41977,"2014-12-04 09:00",2014,12,4,9,0,TRUE,4036," NCM",513,-0.8,2.9,1.05
"344",41977,"2014-12-04 09:00",2014,12,4,9,0,TRUE,4045," AWSDLY",516,-0.3,2.8,1.25
"345",41977,"2014-12-04 09:00",2014,12,4,9,0,TRUE,4058," NCM",56958,1.7,3.2,2.45
"346",41977,"2014-12-04 09:00",2014,12,4,9,0,TRUE,4065," AWSDLY",529,1.1,3.5,2.3
"347",41977,"2014-12-04 09:00",2014,12,4,9,0,TRUE,4077," AWSDLY",534,1.4,3,2.2
"348",41977,"2014-12-04 21:00",2014,12,4,21,0,FALSE,4036," NCM",513,2.6,4.4,3.5
"349",41977,"2014-12-04 21:00",2014,12,4,21,0,FALSE,4045," AWSDLY",516,2.8,5.2,4
"350",41977,"2014-12-04 21:00",2014,12,4,21,0,FALSE,4058," NCM",56958,2.6,4,3.3
"351",41977,"2014-12-04 21:00",2014,12,4,21,0,FALSE,4058," NCM",56958,2.5,4,3.25
"352",41977,"2014-12-04 21:00",2014,12,4,21,0,FALSE,4065," AWSDLY",529,3.5,5.2,4.35
"353",41977,"2014-12-04 21:00",2014,12,4,21,0,FALSE,4077," AWSDLY",534,3,4.9,3.95
"354",41978,"2014-12-05 09:00",2014,12,5,9,0,TRUE,4036," NCM",513,0.6,4.3,2.45
"355",41978,"2014-12-05 09:00",2014,12,5,9,0,TRUE,4045," AWSDLY",516,1.3,4.4,2.85
"356",41978,"2014-12-05 09:00",2014,12,5,9,0,TRUE,4058," NCM",56958,1.5,3.6,2.55
"357",41978,"2014-12-05 09:00",2014,12,5,9,0,TRUE,4065," AWSDLY",529,2.1,5.1,3.6
"358",41978,"2014-12-05 09:00",2014,12,5,9,0,TRUE,4077," AWSDLY",534,2.3,5,3.65
"359",41978,"2014-12-05 21:00",2014,12,5,21,0,FALSE,4036," NCM",513,0.5,5,2.75
"360",41978,"2014-12-05 21:00",2014,12,5,21,0,FALSE,4045," AWSDLY",516,1.4,6.4,3.9
"361",41978,"2014-12-05 21:00",2014,12,5,21,0,FALSE,4058," NCM",56958,0.6,5.3,2.95
"362",41978,"2014-12-05 21:00",2014,12,5,21,0,FALSE,4065," AWSDLY",529,0.9,7,3.95
"363",41978,"2014-12-05 21:00",2014,12,5,21,0,FALSE,4077," AWSDLY",534,1.3,6.9,4.1
"364",41979,"2014-12-06 09:00",2014,12,6,9,0,TRUE,4036," NCM",513,-1.3,1.7,0.2
"365",41979,"2014-12-06 09:00",2014,12,6,9,0,TRUE,4045," AWSDLY",516,-2.5,2,-0.25
"366",41979,"2014-12-06 09:00",2014,12,6,9,0,TRUE,4058," NCM",56958,-0.9,0.8,-0.05
"367",41979,"2014-12-06 09:00",2014,12,6,9,0,TRUE,4065," AWSDLY",529,-0.3,1.5,0.6
"368",41979,"2014-12-06 09:00",2014,12,6,9,0,TRUE,4077," AWSDLY",534,-1.1,1.6,0.25
"369",41979,"2014-12-06 21:00",2014,12,6,21,0,FALSE,4036," NCM",513,1.7,5.7,3.7
"370",41979,"2014-12-06 21:00",2014,12,6,21,0,FALSE,4045," AWSDLY",516,-1.6,6.8,2.6
"371",41979,"2014-12-06 21:00",2014,12,6,21,0,FALSE,4058," NCM",56958,0.6,6.4,3.5
"372",41979,"2014-12-06 21:00",2014,12,6,21,0,FALSE,4065," AWSDLY",529,1.4,8.6,5
"373",41979,"2014-12-06 21:00",2014,12,6,21,0,FALSE,4077," AWSDLY",534,-0.2,7.7,3.75
"374",41979,"2014-12-06 21:00",2014,12,6,21,0,FALSE,4077," AWSDLY",534,-0.3,7.7,3.7
"375",41980,"2014-12-07 09:00",2014,12,7,9,0,TRUE,4036," NCM",513,4.9,8.5,6.7
"376",41980,"2014-12-07 09:00",2014,12,7,9,0,TRUE,4045," AWSDLY",516,6.2,9.3,7.75
"377",41980,"2014-12-07 09:00",2014,12,7,9,0,TRUE,4058," NCM",56958,5.3,8.4,6.85
"378",41980,"2014-12-07 09:00",2014,12,7,9,0,TRUE,4065," AWSDLY",529,7.7,10.1,8.9
"379",41980,"2014-12-07 09:00",2014,12,7,9,0,TRUE,4077," AWSDLY",534,7.2,9.4,8.3
"380",41980,"2014-12-07 21:00",2014,12,7,21,0,FALSE,4036," NCM",513,2,5.1,3.55
"381",41980,"2014-12-07 21:00",2014,12,7,21,0,FALSE,4045," AWSDLY",516,3.1,6.3,4.7
"382",41980,"2014-12-07 21:00",2014,12,7,21,0,FALSE,4058," NCM",56958,1.4,5.6,3.5
"383",41980,"2014-12-07 21:00",2014,12,7,21,0,FALSE,4065," AWSDLY",529,3.6,7.8,5.7
"384",41980,"2014-12-07 21:00",2014,12,7,21,0,FALSE,4077," AWSDLY",534,3.6,7.1,5.35
"385",41980,"2014-12-07 21:00",2014,12,7,21,0,FALSE,4077," AWSDLY",534,3.6,7.2,5.4
"386",41981,"2014-12-08 09:00",2014,12,8,9,0,TRUE,4036," NCM",513,1.1,3.1,2.1
"387",41981,"2014-12-08 09:00",2014,12,8,9,0,TRUE,4045," AWSDLY",516,1.9,3.9,2.9
"388",41981,"2014-12-08 09:00",2014,12,8,9,0,TRUE,4058," NCM",56958,0.9,2.8,1.85
"389",41981,"2014-12-08 09:00",2014,12,8,9,0,TRUE,4065," AWSDLY",529,2.1,4.3,3.2
"390",41981,"2014-12-08 09:00",2014,12,8,9,0,TRUE,4077," AWSDLY",534,1.9,4.5,3.2
"391",41981,"2014-12-08 21:00",2014,12,8,21,0,FALSE,4036," NCM",513,1.1,4.3,2.7
"392",41981,"2014-12-08 21:00",2014,12,8,21,0,FALSE,4045," AWSDLY",516,1.3,5.5,3.4
"393",41981,"2014-12-08 21:00",2014,12,8,21,0,FALSE,4058," NCM",56958,1.1,3.9,2.5
"394",41981,"2014-12-08 21:00",2014,12,8,21,0,FALSE,4065," AWSDLY",529,2.2,5.6,3.9
"395",41981,"2014-12-08 21:00",2014,12,8,21,0,FALSE,4077," AWSDLY",534,2.4,5.9,4.15
"396",41982,"2014-12-09 09:00",2014,12,9,9,0,TRUE,4036," NCM",513,-1.1,2.1,0.5
"397",41982,"2014-12-09 09:00",2014,12,9,9,0,TRUE,4045," AWSDLY",516,-1.6,3,0.7
"398",41982,"2014-12-09 09:00",2014,12,9,9,0,TRUE,4058," NCM",56958,0.5,3.5,2
"399",41982,"2014-12-09 09:00",2014,12,9,9,0,TRUE,4065," AWSDLY",529,-0.5,2.5,1
"400",41982,"2014-12-09 09:00",2014,12,9,9,0,TRUE,4077," AWSDLY",534,-0.3,2.7,1.2
"401",41982,"2014-12-09 21:00",2014,12,9,21,0,FALSE,4036," NCM",513,1.7,9.6,5.65
"402",41982,"2014-12-09 21:00",2014,12,9,21,0,FALSE,4045," AWSDLY",516,2.8,10.4,6.6
"403",41982,"2014-12-09 21:00",2014,12,9,21,0,FALSE,4058," NCM",56958,3.4,9.8,6.6
"404",41982,"2014-12-09 21:00",2014,12,9,21,0,FALSE,4065," AWSDLY",529,1.5,12.1,6.8
"405",41982,"2014-12-09 21:00",2014,12,9,21,0,FALSE,4077," AWSDLY",534,2.2,11.6,6.9
"406",41983,"2014-12-10 09:00",2014,12,10,9,0,TRUE,4036," NCM",513,2,9.6,5.8
"407",41983,"2014-12-10 09:00",2014,12,10,9,0,TRUE,4045," AWSDLY",516,3.1,10.4,6.75
"408",41983,"2014-12-10 09:00",2014,12,10,9,0,TRUE,4058," NCM",56958,1.7,10,5.85
"409",41983,"2014-12-10 09:00",2014,12,10,9,0,TRUE,4065," AWSDLY",529,3.3,12.3,7.8
"410",41983,"2014-12-10 09:00",2014,12,10,9,0,TRUE,4077," AWSDLY",534,4.2,11.5,7.85
"411",41983,"2014-12-10 21:00",2014,12,10,21,0,FALSE,4036," NCM",513,2,4.7,3.35
"412",41983,"2014-12-10 21:00",2014,12,10,21,0,FALSE,4045," AWSDLY",516,3.2,5.8,4.5
"413",41983,"2014-12-10 21:00",2014,12,10,21,0,FALSE,4058," NCM",56958,2,4.5,3.25
"414",41983,"2014-12-10 21:00",2014,12,10,21,0,FALSE,4065," AWSDLY",529,4.1,6.6,5.35
"415",41983,"2014-12-10 21:00",2014,12,10,21,0,FALSE,4077," AWSDLY",534,3.7,6.5,5.1
"416",41984,"2014-12-11 09:00",2014,12,11,9,0,TRUE,4036," NCM",513,0.7,4.3,2.5
"417",41984,"2014-12-11 09:00",2014,12,11,9,0,TRUE,4045," AWSDLY",516,1.5,5.3,3.4
"418",41984,"2014-12-11 09:00",2014,12,11,9,0,TRUE,4058," NCM",56958,0.4,3.6,2
"419",41984,"2014-12-11 09:00",2014,12,11,9,0,TRUE,4058," NCM",56958,0.4,3.8,2.1
"420",41984,"2014-12-11 09:00",2014,12,11,9,0,TRUE,4065," AWSDLY",529,1.7,5.5,3.6
"421",41984,"2014-12-11 09:00",2014,12,11,9,0,TRUE,4077," AWSDLY",534,2.8,5.5,4.15
"422",41984,"2014-12-11 21:00",2014,12,11,21,0,FALSE,4036," NCM",513,1.2,4.2,2.7
"423",41984,"2014-12-11 21:00",2014,12,11,21,0,FALSE,4045," AWSDLY",516,2.4,5.5,3.95
"424",41984,"2014-12-11 21:00",2014,12,11,21,0,FALSE,4058," NCM",56958,1.2,4.2,2.7
"425",41984,"2014-12-11 21:00",2014,12,11,21,0,FALSE,4065," AWSDLY",529,2.6,6.1,4.35
"426",41984,"2014-12-11 21:00",2014,12,11,21,0,FALSE,4077," AWSDLY",534,3.1,5.8,4.45
"427",41985,"2014-12-12 09:00",2014,12,12,9,0,TRUE,4036," NCM",513,0.4,3.1,1.75
"428",41985,"2014-12-12 09:00",2014,12,12,9,0,TRUE,4045," AWSDLY",516,1.3,3,2.15
"429",41985,"2014-12-12 09:00",2014,12,12,9,0,TRUE,4058," NCM",56958,0.9,4.2,2.55
"430",41985,"2014-12-12 09:00",2014,12,12,9,0,TRUE,4065," AWSDLY",529,2.2,4.9,3.55
"431",41985,"2014-12-12 09:00",2014,12,12,9,0,TRUE,4077," AWSDLY",534,1.7,4.3,3
"432",41985,"2014-12-12 21:00",2014,12,12,21,0,FALSE,4036," NCM",513,0.5,2.8,1.65
"433",41985,"2014-12-12 21:00",2014,12,12,21,0,FALSE,4045," AWSDLY",516,1.3,4.4,2.85
"434",41985,"2014-12-12 21:00",2014,12,12,21,0,FALSE,4058," NCM",56958,0.8,2.6,1.7
"435",41985,"2014-12-12 21:00",2014,12,12,21,0,FALSE,4065," AWSDLY",529,2.2,4.8,3.5
"436",41985,"2014-12-12 21:00",2014,12,12,21,0,FALSE,4077," AWSDLY",534,1.6,5.1,3.35
"437",41986,"2014-12-13 09:00",2014,12,13,9,0,TRUE,4036," NCM",513,-1.5,2.5,0.5
"438",41986,"2014-12-13 09:00",2014,12,13,9,0,TRUE,4045," AWSDLY",516,-2.4,3.7,0.65
"439",41986,"2014-12-13 09:00",2014,12,13,9,0,TRUE,4058," NCM",56958,-0.7,2.4,0.85
"440",41986,"2014-12-13 09:00",2014,12,13,9,0,TRUE,4065," AWSDLY",529,-0.1,3.8,1.85
"441",41986,"2014-12-13 09:00",2014,12,13,9,0,TRUE,4077," AWSDLY",534,0,4.1,2.05
"442",41986,"2014-12-13 21:00",2014,12,13,21,0,FALSE,4036," NCM",513,0.2,3.5,1.85
"443",41986,"2014-12-13 21:00",2014,12,13,21,0,FALSE,4036," NCM",513,0.1,3.5,1.8
"444",41986,"2014-12-13 21:00",2014,12,13,21,0,FALSE,4045," AWSDLY",516,-2.1,5.7,1.8
"445",41986,"2014-12-13 21:00",2014,12,13,21,0,FALSE,4058," NCM",56958,-0.8,3.2,1.2
"446",41986,"2014-12-13 21:00",2014,12,13,21,0,FALSE,4065," AWSDLY",529,0.8,5.6,3.2
"447",41986,"2014-12-13 21:00",2014,12,13,21,0,FALSE,4077," AWSDLY",534,-0.1,5.6,2.75
"448",41987,"2014-12-14 09:00",2014,12,14,9,0,TRUE,4036," NCM",513,1.6,4.7,3.15
"449",41987,"2014-12-14 09:00",2014,12,14,9,0,TRUE,4045," AWSDLY",516,2.6,6,4.3
"450",41987,"2014-12-14 09:00",2014,12,14,9,0,TRUE,4058," NCM",56958,2,5.4,3.7
"451",41987,"2014-12-14 09:00",2014,12,14,9,0,TRUE,4065," AWSDLY",529,1.4,6,3.7
"452",41987,"2014-12-14 09:00",2014,12,14,9,0,TRUE,4077," AWSDLY",534,1.5,6.5,4
"453",41987,"2014-12-14 21:00",2014,12,14,21,0,FALSE,4036," NCM",513,4.7,7.3,6
"454",41987,"2014-12-14 21:00",2014,12,14,21,0,FALSE,4045," AWSDLY",516,5.7,7.8,6.75
"455",41987,"2014-12-14 21:00",2014,12,14,21,0,FALSE,4058," NCM",56958,4.9,7.5,6.2
"456",41987,"2014-12-14 21:00",2014,12,14,21,0,FALSE,4065," AWSDLY",529,5.7,9.4,7.55
"457",41987,"2014-12-14 21:00",2014,12,14,21,0,FALSE,4077," AWSDLY",534,5.7,8.7,7.2
"458",41988,"2014-12-15 09:00",2014,12,15,9,0,TRUE,4036," NCM",513,2.5,5.2,3.85
"459",41988,"2014-12-15 09:00",2014,12,15,9,0,TRUE,4045," AWSDLY",516,3.9,6.2,5.05
"460",41988,"2014-12-15 09:00",2014,12,15,9,0,TRUE,4058," NCM",56958,2.7,5.6,4.15
"461",41988,"2014-12-15 09:00",2014,12,15,9,0,TRUE,4065," AWSDLY",529,4.1,7.2,5.65
"462",41988,"2014-12-15 09:00",2014,12,15,9,0,TRUE,4077," AWSDLY",534,3.8,6.4,5.1
"463",41988,"2014-12-15 21:00",2014,12,15,21,0,FALSE,4036," NCM",513,2.7,4.9,3.8
"464",41988,"2014-12-15 21:00",2014,12,15,21,0,FALSE,4045," AWSDLY",516,3,6.8,4.9
"465",41988,"2014-12-15 21:00",2014,12,15,21,0,FALSE,4058," NCM",56958,2.6,5.3,3.95
"466",41988,"2014-12-15 21:00",2014,12,15,21,0,FALSE,4065," AWSDLY",529,3.4,6.1,4.75
"467",41988,"2014-12-15 21:00",2014,12,15,21,0,FALSE,4077," AWSDLY",534,2.2,7.3,4.75
"468",41989,"2014-12-16 09:00",2014,12,16,9,0,TRUE,4036," NCM",513,2.6,4.5,3.55
"469",41989,"2014-12-16 09:00",2014,12,16,9,0,TRUE,4045," AWSDLY",516,4,5.8,4.9
"470",41989,"2014-12-16 09:00",2014,12,16,9,0,TRUE,4058," NCM",56958,2.9,4.5,3.7
"471",41989,"2014-12-16 09:00",2014,12,16,9,0,TRUE,4065," AWSDLY",529,2.5,6.1,4.3
"472",41989,"2014-12-16 09:00",2014,12,16,9,0,TRUE,4077," AWSDLY",534,1.3,6.1,3.7
"473",41989,"2014-12-16 21:00",2014,12,16,21,0,FALSE,4036," NCM",513,3.9,5.2,4.55
"474",41989,"2014-12-16 21:00",2014,12,16,21,0,FALSE,4045," AWSDLY",516,4.8,6.3,5.55
"475",41989,"2014-12-16 21:00",2014,12,16,21,0,FALSE,4058," NCM",56958,3.8,5.1,4.45
"476",41989,"2014-12-16 21:00",2014,12,16,21,0,FALSE,4065," AWSDLY",529,3.9,6.5,5.2
"477",41989,"2014-12-16 21:00",2014,12,16,21,0,FALSE,4077," AWSDLY",534,3.8,7.2,5.5
"478",41990,"2014-12-17 09:00",2014,12,17,9,0,TRUE,4036," NCM",513,4.3,9.3,6.8
"479",41990,"2014-12-17 09:00",2014,12,17,9,0,TRUE,4045," AWSDLY",516,5.3,10.5,7.9
"480",41990,"2014-12-17 09:00",2014,12,17,9,0,TRUE,4058," NCM",56958,4.6,9.2,6.9
"481",41990,"2014-12-17 09:00",2014,12,17,9,0,TRUE,4065," AWSDLY",529,4.7,11.1,7.9
"482",41990,"2014-12-17 09:00",2014,12,17,9,0,TRUE,4077," AWSDLY",534,4.6,11.3,7.95
"483",41990,"2014-12-17 21:00",2014,12,17,21,0,FALSE,4036," NCM",513,9.2,9.9,9.55
"484",41990,"2014-12-17 21:00",2014,12,17,21,0,FALSE,4045," AWSDLY",516,10.2,11.1,10.65
"485",41990,"2014-12-17 21:00",2014,12,17,21,0,FALSE,4058," NCM",56958,9,9.6,9.3
"486",41990,"2014-12-17 21:00",2014,12,17,21,0,FALSE,4065," AWSDLY",529,10.2,11.5,10.85
"487",41990,"2014-12-17 21:00",2014,12,17,21,0,FALSE,4077," AWSDLY",534,9.7,11.9,10.8
"488",41991,"2014-12-18 09:00",2014,12,18,9,0,TRUE,4036," NCM",513,9.7,11.3,10.5
"489",41991,"2014-12-18 09:00",2014,12,18,9,0,TRUE,4045," AWSDLY",516,10.4,12.3,11.35
"490",41991,"2014-12-18 09:00",2014,12,18,9,0,TRUE,4058," NCM",56958,9.4,11.3,10.35
"491",41991,"2014-12-18 09:00",2014,12,18,9,0,TRUE,4065," AWSDLY",529,10.2,12.8,11.5
"492",41991,"2014-12-18 09:00",2014,12,18,9,0,TRUE,4077," AWSDLY",534,10.4,11.7,11.05
"493",41991,"2014-12-18 21:00",2014,12,18,21,0,FALSE,4036," NCM",513,9,11.6,10.3
"494",41991,"2014-12-18 21:00",2014,12,18,21,0,FALSE,4045," AWSDLY",516,10.4,12.6,11.5
"495",41991,"2014-12-18 21:00",2014,12,18,21,0,FALSE,4058," NCM",56958,9.9,11.4,10.65
"496",41991,"2014-12-18 21:00",2014,12,18,21,0,FALSE,4065," AWSDLY",529,12.2,13.1,12.65
"497",41991,"2014-12-18 21:00",2014,12,18,21,0,FALSE,4077," AWSDLY",534,10.5,13,11.75
"498",41992,"2014-12-19 09:00",2014,12,19,9,0,TRUE,4036," NCM",513,4.1,8.9,6.5
"499",41992,"2014-12-19 09:00",2014,12,19,9,0,TRUE,4036," NCM",513,4.1,9,6.55
"500",41992,"2014-12-19 09:00",2014,12,19,9,0,TRUE,4045," AWSDLY",516,5.3,10.4,7.85
"501",41992,"2014-12-19 09:00",2014,12,19,9,0,TRUE,4058," NCM",56958,4.1,9.8,6.95
"502",41992,"2014-12-19 09:00",2014,12,19,9,0,TRUE,4058," NCM",56958,4.1,9.9,7
"503",41992,"2014-12-19 09:00",2014,12,19,9,0,TRUE,4065," AWSDLY",529,5.7,12.4,9.05
"504",41992,"2014-12-19 09:00",2014,12,19,9,0,TRUE,4077," AWSDLY",534,6,10.4,8.2
"505",41992,"2014-12-19 09:00",2014,12,19,9,0,TRUE,4077," AWSDLY",534,6,10.5,8.25
"506",41992,"2014-12-19 21:00",2014,12,19,21,0,FALSE,4036," NCM",513,2.7,5.6,4.15
"507",41992,"2014-12-19 21:00",2014,12,19,21,0,FALSE,4045," AWSDLY",516,4.3,7,5.65
"508",41992,"2014-12-19 21:00",2014,12,19,21,0,FALSE,4058," NCM",56958,3.8,5.3,4.55
"509",41992,"2014-12-19 21:00",2014,12,19,21,0,FALSE,4065," AWSDLY",529,5.2,7.4,6.3
"510",41992,"2014-12-19 21:00",2014,12,19,21,0,FALSE,4077," AWSDLY",534,5.3,7.8,6.55
"511",41993,"2014-12-20 09:00",2014,12,20,9,0,TRUE,4036," NCM",513,4.5,5.7,5.1
"512",41993,"2014-12-20 09:00",2014,12,20,9,0,TRUE,4045," AWSDLY",516,5.8,7.1,6.45
"513",41993,"2014-12-20 09:00",2014,12,20,9,0,TRUE,4058," NCM",56958,4.5,5.8,5.15
"514",41993,"2014-12-20 09:00",2014,12,20,9,0,TRUE,4065," AWSDLY",529,6.4,7.5,6.95
"515",41993,"2014-12-20 09:00",2014,12,20,9,0,TRUE,4077," AWSDLY",534,6,7.5,6.75
"516",41993,"2014-12-20 21:00",2014,12,20,21,0,FALSE,4036," NCM",513,5,6.1,5.55
"517",41993,"2014-12-20 21:00",2014,12,20,21,0,FALSE,4045," AWSDLY",516,6.4,7.6,7
"518",41993,"2014-12-20 21:00",2014,12,20,21,0,FALSE,4058," NCM",56958,5.2,6.4,5.8
"519",41993,"2014-12-20 21:00",2014,12,20,21,0,FALSE,4065," AWSDLY",529,6.6,8.2,7.4
"520",41993,"2014-12-20 21:00",2014,12,20,21,0,FALSE,4077," AWSDLY",534,6.6,8,7.3
"521",41994,"2014-12-21 09:00",2014,12,21,9,0,TRUE,4036," NCM",513,5.1,6.2,5.65
"522",41994,"2014-12-21 09:00",2014,12,21,9,0,TRUE,4045," AWSDLY",516,6.1,7.5,6.8
"523",41994,"2014-12-21 09:00",2014,12,21,9,0,TRUE,4058," NCM",56958,5.1,6.1,5.6
"524",41994,"2014-12-21 09:00",2014,12,21,9,0,TRUE,4065," AWSDLY",529,6.5,7.9,7.2
"525",41994,"2014-12-21 09:00",2014,12,21,9,0,TRUE,4077," AWSDLY",534,6.6,8.1,7.35
"526",41994,"2014-12-21 21:00",2014,12,21,21,0,FALSE,4036," NCM",513,5.5,11.5,8.5
"527",41994,"2014-12-21 21:00",2014,12,21,21,0,FALSE,4045," AWSDLY",516,6.5,12.1,9.3
"528",41994,"2014-12-21 21:00",2014,12,21,21,0,FALSE,4058," NCM",56958,5.9,11,8.45
"529",41994,"2014-12-21 21:00",2014,12,21,21,0,FALSE,4058," NCM",56958,5.8,11,8.4
"530",41994,"2014-12-21 21:00",2014,12,21,21,0,FALSE,4065," AWSDLY",529,7.4,12.7,10.05
"531",41994,"2014-12-21 21:00",2014,12,21,21,0,FALSE,4077," AWSDLY",534,7.3,12.7,10
"532",41995,"2014-12-22 09:00",2014,12,22,9,0,TRUE,4036," NCM",513,10.1,11.6,10.85
"533",41995,"2014-12-22 09:00",2014,12,22,9,0,TRUE,4045," AWSDLY",516,11.1,12.8,11.95
"534",41995,"2014-12-22 09:00",2014,12,22,9,0,TRUE,4058," NCM",56958,10.5,11.4,10.95
"535",41995,"2014-12-22 09:00",2014,12,22,9,0,TRUE,4065," AWSDLY",529,12.4,12.9,12.65
"536",41995,"2014-12-22 09:00",2014,12,22,9,0,TRUE,4077," AWSDLY",534,12.1,13,12.55
"537",41995,"2014-12-22 21:00",2014,12,22,21,0,FALSE,4036," NCM",513,10,11.9,10.95
"538",41995,"2014-12-22 21:00",2014,12,22,21,0,FALSE,4045," AWSDLY",516,11,13.3,12.15
"539",41995,"2014-12-22 21:00",2014,12,22,21,0,FALSE,4058," NCM",56958,9.7,11.7,10.7
"540",41995,"2014-12-22 21:00",2014,12,22,21,0,FALSE,4065," AWSDLY",529,11.7,13.9,12.8
"541",41995,"2014-12-22 21:00",2014,12,22,21,0,FALSE,4077," AWSDLY",534,11.1,14.1,12.6
"542",41996,"2014-12-23 09:00",2014,12,23,9,0,TRUE,4036," NCM",513,9.6,10.7,10.15
"543",41996,"2014-12-23 09:00",2014,12,23,9,0,TRUE,4045," AWSDLY",516,10.7,12,11.35
"544",41996,"2014-12-23 09:00",2014,12,23,9,0,TRUE,4058," NCM",56958,9.5,10.6,10.05
"545",41996,"2014-12-23 09:00",2014,12,23,9,0,TRUE,4065," AWSDLY",529,11,12.5,11.75
"546",41996,"2014-12-23 09:00",2014,12,23,9,0,TRUE,4077," AWSDLY",534,10.9,12.2,11.55
"547",41996,"2014-12-23 21:00",2014,12,23,21,0,FALSE,4036," NCM",513,9.1,10.3,9.7
"548",41996,"2014-12-23 21:00",2014,12,23,21,0,FALSE,4045," AWSDLY",516,9.9,11.3,10.6
"549",41996,"2014-12-23 21:00",2014,12,23,21,0,FALSE,4058," NCM",56958,8.8,10.2,9.5
"550",41996,"2014-12-23 21:00",2014,12,23,21,0,FALSE,4065," AWSDLY",529,10.9,12,11.45
"551",41996,"2014-12-23 21:00",2014,12,23,21,0,FALSE,4077," AWSDLY",534,10.6,12,11.3
"552",41997,"2014-12-24 09:00",2014,12,24,9,0,TRUE,4036," NCM",513,3.1,9.8,6.45
"553",41997,"2014-12-24 09:00",2014,12,24,9,0,TRUE,4045," AWSDLY",516,4.3,10.6,7.45
"554",41997,"2014-12-24 09:00",2014,12,24,9,0,TRUE,4058," NCM",56958,3.3,9.8,6.55
"555",41997,"2014-12-24 09:00",2014,12,24,9,0,TRUE,4065," AWSDLY",529,4.7,11.6,8.15
"556",41997,"2014-12-24 09:00",2014,12,24,9,0,TRUE,4077," AWSDLY",534,4.8,11.4,8.1
"557",41997,"2014-12-24 21:00",2014,12,24,21,0,FALSE,4036," NCM",513,2.9,5.2,4.05
"558",41997,"2014-12-24 21:00",2014,12,24,21,0,FALSE,4045," AWSDLY",516,4.3,6.4,5.35
"559",41997,"2014-12-24 21:00",2014,12,24,21,0,FALSE,4058," NCM",56958,2.9,5.4,4.15
"560",41997,"2014-12-24 21:00",2014,12,24,21,0,FALSE,4065," AWSDLY",529,4.7,7.6,6.15
"561",41997,"2014-12-24 21:00",2014,12,24,21,0,FALSE,4077," AWSDLY",534,5.1,7.1,6.1
"562",41997,"2014-12-24 21:00",2014,12,24,21,0,FALSE,4077," AWSDLY",534,5,7.1,6.05
"563",41998,"2014-12-25 09:00",2014,12,25,9,0,TRUE,4036," NCM",513,2.9,5.1,4
"564",41998,"2014-12-25 09:00",2014,12,25,9,0,TRUE,4045," AWSDLY",516,4,6.2,5.1
"565",41998,"2014-12-25 09:00",2014,12,25,9,0,TRUE,4058," NCM",56958,3.6,5.1,4.35
"566",41998,"2014-12-25 09:00",2014,12,25,9,0,TRUE,4065," AWSDLY",529,4.9,6.9,5.9
"567",41998,"2014-12-25 09:00",2014,12,25,9,0,TRUE,4077," AWSDLY",534,4.1,6.6,5.35
"568",41998,"2014-12-25 21:00",2014,12,25,21,0,FALSE,4036," NCM",513,2.5,5,3.75
"569",41998,"2014-12-25 21:00",2014,12,25,21,0,FALSE,4045," AWSDLY",516,3.9,6.5,5.2
"570",41998,"2014-12-25 21:00",2014,12,25,21,0,FALSE,4058," NCM",56958,2.3,6,4.15
"571",41998,"2014-12-25 21:00",2014,12,25,21,0,FALSE,4065," AWSDLY",529,4.4,7.3,5.85
"572",41998,"2014-12-25 21:00",2014,12,25,21,0,FALSE,4077," AWSDLY",534,4.2,6.9,5.55
"573",41999,"2014-12-26 09:00",2014,12,26,9,0,TRUE,4036," NCM",513,0,2.7,1.35
"574",41999,"2014-12-26 09:00",2014,12,26,9,0,TRUE,4045," AWSDLY",516,0.6,4.1,2.35
"575",41999,"2014-12-26 09:00",2014,12,26,9,0,TRUE,4058," NCM",56958,1.6,3.3,2.45
"576",41999,"2014-12-26 09:00",2014,12,26,9,0,TRUE,4065," AWSDLY",529,0.4,4.5,2.45
"577",41999,"2014-12-26 09:00",2014,12,26,9,0,TRUE,4077," AWSDLY",534,0.9,4.7,2.8
"578",41999,"2014-12-26 21:00",2014,12,26,21,0,FALSE,4036," NCM",513,-0.2,3.7,1.75
"579",41999,"2014-12-26 21:00",2014,12,26,21,0,FALSE,4045," AWSDLY",516,0.3,4.9,2.6
"580",41999,"2014-12-26 21:00",2014,12,26,21,0,FALSE,4058," NCM",56958,-0.6,4.3,1.85
"581",41999,"2014-12-26 21:00",2014,12,26,21,0,FALSE,4065," AWSDLY",529,0.1,4.3,2.2
"582",41999,"2014-12-26 21:00",2014,12,26,21,0,FALSE,4077," AWSDLY",534,1.1,4.6,2.85
"583",42000,"2014-12-27 09:00",2014,12,27,9,0,TRUE,4036," NCM",513,-1.4,1.3,-0.0499999999999999
"584",42000,"2014-12-27 09:00",2014,12,27,9,0,TRUE,4045," AWSDLY",516,0.1,2.2,1.15
"585",42000,"2014-12-27 09:00",2014,12,27,9,0,TRUE,4058," NCM",56958,-1.4,0.7,-0.35
"586",42000,"2014-12-27 09:00",2014,12,27,9,0,TRUE,4065," AWSDLY",529,-0.6,2.1,0.75
"587",42000,"2014-12-27 09:00",2014,12,27,9,0,TRUE,4077," AWSDLY",534,0,2.6,1.3
"588",42000,"2014-12-27 21:00",2014,12,27,21,0,FALSE,4036," NCM",513,-1.2,0.9,-0.15
"589",42000,"2014-12-27 21:00",2014,12,27,21,0,FALSE,4045," AWSDLY",516,0,2.4,1.2
"590",42000,"2014-12-27 21:00",2014,12,27,21,0,FALSE,4058," NCM",56958,-1.2,0.6,-0.3
"591",42000,"2014-12-27 21:00",2014,12,27,21,0,FALSE,4065," AWSDLY",529,-0.2,3.2,1.5
"592",42000,"2014-12-27 21:00",2014,12,27,21,0,FALSE,4077," AWSDLY",534,0.8,4.1,2.45
"593",42000,"2014-12-27 21:00",2014,12,27,21,0,FALSE,4077," AWSDLY",534,0.7,4.1,2.4
"594",42001,"2014-12-28 09:00",2014,12,28,9,0,TRUE,4036," NCM",513,-4.3,0.8,-1.75
"595",42001,"2014-12-28 09:00",2014,12,28,9,0,TRUE,4045," AWSDLY",516,-1.7,1.7,0
"596",42001,"2014-12-28 09:00",2014,12,28,9,0,TRUE,4058," NCM",56958,-0.7,0.5,-0.1
"597",42001,"2014-12-28 09:00",2014,12,28,9,0,TRUE,4065," AWSDLY",529,-1.1,1.7,0.3
"598",42001,"2014-12-28 09:00",2014,12,28,9,0,TRUE,4077," AWSDLY",534,-0.6,1.6,0.5
"599",42001,"2014-12-28 21:00",2014,12,28,21,0,FALSE,4036," NCM",513,-3.3,3.5,0.1
"600",42001,"2014-12-28 21:00",2014,12,28,21,0,FALSE,4045," AWSDLY",516,-1.7,3.9,1.1
"601",42001,"2014-12-28 21:00",2014,12,28,21,0,FALSE,4058," NCM",56958,-0.8,1.6,0.4
"602",42001,"2014-12-28 21:00",2014,12,28,21,0,FALSE,4065," AWSDLY",529,-0.5,3.9,1.7
"603",42001,"2014-12-28 21:00",2014,12,28,21,0,FALSE,4065," AWSDLY",529,-0.6,3.9,1.65
"604",42001,"2014-12-28 21:00",2014,12,28,21,0,FALSE,4077," AWSDLY",534,-0.1,4.6,2.25
"605",42001,"2014-12-28 21:00",2014,12,28,21,0,FALSE,4077," AWSDLY",534,-0.2,4.6,2.2
"606",42002,"2014-12-29 09:00",2014,12,29,9,0,TRUE,4036," NCM",513,-1,1.1,0.05
"607",42002,"2014-12-29 09:00",2014,12,29,9,0,TRUE,4045," AWSDLY",516,-1.9,2.3,0.2
"608",42002,"2014-12-29 09:00",2014,12,29,9,0,TRUE,4058," NCM",56958,-0.9,0.8,-0.05
"609",42002,"2014-12-29 09:00",2014,12,29,9,0,TRUE,4058," NCM",56958,-0.9,0.9,0
"610",42002,"2014-12-29 09:00",2014,12,29,9,0,TRUE,4065," AWSDLY",529,-0.4,1.1,0.35
"611",42002,"2014-12-29 09:00",2014,12,29,9,0,TRUE,4077," AWSDLY",534,-0.3,1.9,0.8
"612",42002,"2014-12-29 21:00",2014,12,29,21,0,FALSE,4036," NCM",513,0.3,4.6,2.45
"613",42002,"2014-12-29 21:00",2014,12,29,21,0,FALSE,4045," AWSDLY",516,-1.2,3.6,1.2
"614",42002,"2014-12-29 21:00",2014,12,29,21,0,FALSE,4058," NCM",56958,0.6,2.8,1.7
"615",42002,"2014-12-29 21:00",2014,12,29,21,0,FALSE,4065," AWSDLY",529,0,4.5,2.25
"616",42002,"2014-12-29 21:00",2014,12,29,21,0,FALSE,4077," AWSDLY",534,-0.1,4.8,2.35
"617",42003,"2014-12-30 09:00",2014,12,30,9,0,TRUE,4036," NCM",513,1.6,3.2,2.4
"618",42003,"2014-12-30 09:00",2014,12,30,9,0,TRUE,4045," AWSDLY",516,2.6,4.3,3.45
"619",42003,"2014-12-30 09:00",2014,12,30,9,0,TRUE,4058," NCM",56958,1.7,2.8,2.25
"620",42003,"2014-12-30 09:00",2014,12,30,9,0,TRUE,4065," AWSDLY",529,-1.7,1.7,0
"621",42003,"2014-12-30 09:00",2014,12,30,9,0,TRUE,4077," AWSDLY",534,-2.2,1,-0.6
"622",42003,"2014-12-30 21:00",2014,12,30,21,0,FALSE,4036," NCM",513,2.8,4.6,3.7
"623",42003,"2014-12-30 21:00",2014,12,30,21,0,FALSE,4045," AWSDLY",516,1.9,6.9,4.4
"624",42003,"2014-12-30 21:00",2014,12,30,21,0,FALSE,4058," NCM",56958,1.6,4,2.8
"625",42003,"2014-12-30 21:00",2014,12,30,21,0,FALSE,4065," AWSDLY",529,1.1,5.4,3.25
"626",42003,"2014-12-30 21:00",2014,12,30,21,0,FALSE,4077," AWSDLY",534,0.4,6.6,3.5
"627",42004,"2014-12-31 09:00",2014,12,31,9,0,TRUE,4036," NCM",513,1.3,3.5,2.4
"628",42004,"2014-12-31 09:00",2014,12,31,9,0,TRUE,4045," AWSDLY",516,0.5,3.9,2.2
"629",42004,"2014-12-31 09:00",2014,12,31,9,0,TRUE,4058," NCM",56958,1.6,4.9,3.25
"630",42004,"2014-12-31 09:00",2014,12,31,9,0,TRUE,4065," AWSDLY",529,-2.3,2.8,0.25
"631",42004,"2014-12-31 09:00",2014,12,31,9,0,TRUE,4077," AWSDLY",534,-2.4,2.8,0.2
"632",42004,"2014-12-31 21:00",2014,12,31,21,0,FALSE,4036," NCM",513,2.7,7.2,4.95
"633",42004,"2014-12-31 21:00",2014,12,31,21,0,FALSE,4045," AWSDLY",516,3.8,8.6,6.2
"634",42004,"2014-12-31 21:00",2014,12,31,21,0,FALSE,4058," NCM",56958,4.2,7.6,5.9
"635",42004,"2014-12-31 21:00",2014,12,31,21,0,FALSE,4065," AWSDLY",529,-0.8,7.6,3.4
"636",42004,"2014-12-31 21:00",2014,12,31,21,0,FALSE,4077," AWSDLY",534,-1.2,7,2.9
